Title,Duration,Website
Jazlyn & Kay Know How to Satisfy,48,AllAnal
Filling Jade's Ass & Sera's Throat,52,AllAnal
Backshots & Blowjobs With Brenna & Valerica,68,AllAnal
Emma's Anal Return,76,AllAnal
Anal Ambition with Rebel & Sera,67,AllAnal
Getting In Kylie & Marilyn's Asses,70,AllAnal
Anal Enjoyment With Rosalyn & Hazel,48,AllAnal
Tommy & Katrina Go Crazy for Anal,77,AllAnal
All Up In Cali & Avery's Asses,70,AllAnal
Aillee and Samantha's Anal Play Date,49,AllAnal
ATM & Anal with Nicole and Reina,65,AllAnal
Double the Fun With Katrina & Electra,73,AllAnal
Willow Feeds It To Ari,79,AllAnal
Brooklyn & Lydia's Anal Showdown,81,AllAnal
Hazel and Sophia Are All In For Anal,68,AllAnal
Jesse & Nadia's Anal Fuckfest,74,AllAnal
Assfucking Heaven With Liz & Joey,60,AllAnal
Misty & Lana's Anal Needs,75,AllAnal
Backdoor Girlfriends Summer & Katrina,60,AllAnal
ATM Fuck Date with Hime & Mackenzie,51,AllAnal
Tasting Summer's Ass,55,AllAnal
Maddy and Brenna Love to Get Wild,58,AllAnal
Katalina & Tommy's Ass Stretching Party,64,AllAnal
Rose and Nicole are Anally Talented,66,AllAnal
Naughty Anal & Oral with Khloe & Rosalyn,44,AllAnal
Lolly loves Mona's Ass,39,AllAnal
Katrina & Lola’s Anal Bang,64,AllAnal
"Backdoor Babes, Bella & Erin",63,AllAnal
Victoria and Charlie Give Up the Goods,41,AllAnal
Dixie’s Cum Back with Mia,53,AllAnal
Mila & Lydia Are Anal Deviants,50,AllAnal
Backdoor Pleasures for Lana & Mackenzie,67,AllAnal
Popping Lolly’s Anal Cherry,52,AllAnal
A Taste of Summer!,59,AllAnal
Up the Ass for Bailey & Lana,54,AllAnal
Gia & Paige’s Anal Obsession,65,AllAnal
Lilly & Jesse's Ass to Mouth Frenzy,72,AllAnal
Lily's Ass Makes Harley's Day,68,AllAnal
Maddy & Payton Get Wild,61,AllAnal
Alexis & Zerella’s Anal Slutfest,64,AllAnal
Nicole & Jasmine's Fantasy Anal Fuck,77,AllAnal
Zerella & Gia’s Anal Connection,67,AllAnal
Avery & Gia are Anal Fanatics,82,AllAnal
Venus & Jesse’s Ass to Mouth Adventure,66,AllAnal
Summer and Rory’s Anal Fuckfest,78,AllAnal
Savannah & Harley’s Naughty Afternoon,57,AllAnal
Brenna & Izzy Are Anal All Stars,58,AllAnal
Back to Back Anal For Liz & Electra,60,AllAnal
XxLayna & Izzy’s ATM Date,43,AllAnal
Katalina’s Ass Gets Wide Open,50,AllAnal
Mega Sluts Lily and Nia Get Together,81,AllAnal
Anal Tag Team with Lana & Erin,87,AllAnal
Ass Obsession With Lily & Maddy,53,AllAnal
Whitney & Marilyn Get Wild,55,AllAnal
Penelope & Rory Bring It Back,62,AllAnal
Rose & Naudi’s Ass Loving Showcase,64,AllAnal
Tasting Lilly’s Gape,46,AllAnal
Anal Play for Hime & Spencer,62,AllAnal
Gia’s ATM Play Date with Sera,51,AllAnal
Ashley & Erin’s Gorgeous Gapes,74,AllAnal
Marilyn and Electra are Back At It!,60,AllAnal
Vanessa & Brenna Go Crazy for Anal,74,AllAnal
Penelope and Nadia’s Anal Tag Team,67,AllAnal
Raunchy Anal Times with Tommy & Abbie,55,AllAnal
Honey & Ava Are Horny For Anal,64,AllAnal
Buttfuck & Suck Frenzy with Nicole and Indica,48,AllAnal
Lilly’s Anal Assignment with Maya,55,AllAnal
Nadia & London’s Anal Connection,63,AllAnal
Nicole and Avery's Anal Showdown,69,AllAnal
Anal Ambition with Penelope and Zerella,70,AllAnal
Valerica & Karma’s Anal Slutfest,62,AllAnal
Playful Anal & Oral  with Scarlett and Gia,63,AllAnal
Aussie Anal Sluts Savannah & Angela,56,AllAnal
Liz & Mia’s Tasty Threesome,62,AllAnal
Opening Kyler’s Ass & Jazmin’s Throat,51,AllAnal
Something About Mia & Rory,63,AllAnal
Deep Inside Rebel’s Slutty Ass,69,AllAnal
Eliza & Marilyn  Sharing a Dick Up Their Asses,88,AllAnal
Chanell & Savannah's Ass to Mouth Adventure,67,AllAnal
Gia & Luna Let Loose for Anal,72,AllAnal
Paige & Gia’s Butts Get Filled Up,79,AllAnal
Liz & Selena’s Fuck & Suck Fest,67,AllAnal
Penelope & Rory’s Raunchy Anal Romp,87,AllAnal
Anal Obsession With Isabel & Catalina,63,AllAnal
Zoe & Erin’s Anal Bang,58,AllAnal
Kay’s Ass Makes Anna Claire’s Day,80,AllAnal
Ass Gaping Adventures with Nikole & Angel,59,AllAnal
Electra And Marilyn Are Backdoor Baddies!,83,AllAnal
Anal & ATM Madness with Reyna and Angel,79,AllAnal
Brenna & April Bonding Over Anal,69,AllAnal
Anal Showdown with Angel & Gabbie,95,AllAnal
Lydia and Kaiia Love Sharing,61,AllAnal
All-Out Anal with Bella and Jackie,96,AllAnal
A Taste of Angela’s Ass,72,AllAnal
Rebel & Gia’s Gape Party,73,AllAnal
Catalina Sucks It Out of Isabel’s Ass,67,AllAnal
Lilly & Jennifer Don't Hold Back,58,AllAnal
Bella & Adira's Anal Session,67,AllAnal
Dixie & Bailey’s Juicy Anal Threeway,65,AllAnal
Big Booty Madness with Valentina and Carmela,71,AllAnal
Vanessa & Kay Go Crazy for Anal,87,AllAnal
April & Lilly's Anal Day,58,AllAnal
Aliya’s ATM Date with Nikole,50,AllAnal
Paige and April’s Backdoor Fuckfest,83,AllAnal
Isabella & Gwen's Wild Anal Party,56,AllAnal
Deep in Dixie’s Ass,64,AllAnal
Backdoor and ATM action with Maddy and Jamie,69,AllAnal
Patti & Gwen’s Double Anal Getdown,65,AllAnal
Anal and Atm Fun with Lacey and Ashley,53,AllAnal
Alexis & Jamie's Tasty Threesome,55,AllAnal
Non-Stop Anal with Paisley and Nia,74,AllAnal
Violet and Gia’s Anal Rematch,81,AllAnal
Anal Initiation with Kendra & Emma,70,AllAnal
Anal BFF Trio in Action!,73,AllAnal
Chloe and Adira’s Anal Tag Team,85,AllAnal
Kali Loves Chloe’s Ass,62,AllAnal
Anal Party with Paisley and Serena,65,AllAnal
Gia and Violet are Certified Buttsluts,84,AllAnal
Nia’s All Anal Return,54,AllAnal
Double Trouble with April and Maddy,81,AllAnal
A Taste of Kayla’s Gapes,62,AllAnal
Anal Ambition with Kay Carter and Nikki Sweet,62,AllAnal
Anal & Atm Fun with Nikole and Sera,70,AllAnal
ATM Bonding session with Paisley and Sommer,60,AllAnal
Round 2 with Haley and Alexis,72,AllAnal
Anal ASSist With April and Anna Claire,55,AllAnal
Anal Cravings with Rebel and Lana,81,AllAnal
Gapes Gone Wild with Gia and Jane,62,AllAnal
First Time Tryout with Megan and Jackie,75,AllAnal
Lexi and Rebel are Sodomy Starlets,86,AllAnal
Charlotte and Lydia Are Lubed Up and Ready,74,AllAnal
Sharing is Caring with Haley and Alexis,84,AllAnal
Party of Threesome with Anny and Ana,83,AllAnal
Vanessa and Val's Deviant Display,61,AllAnal
Indecent Exposure with Isabel and Betty,69,AllAnal
Backdoor Business with Violet and Valentina,83,AllAnal
Big Gape Energy with Anna and Jane,72,AllAnal
Down and Nasty with Keira and Kendra,85,AllAnal
Anal Offerings with Emma and Lana,60,AllAnal
Rear-end Collision with Neveah and Kay,75,AllAnal
Butthole Delight with Vienna and Dee,70,AllAnal
ATM Introduction for Eliza and Kiarra,75,AllAnal
Pink Cheek Perfection with Layla and Chanel,66,AllAnal
Cotton Candy Crush with Adira and Leah,56,AllAnal
In Good Company with Alexis and Natalie,66,AllAnal
Anal and ATM Excitement with Chanel and Aria,61,AllAnal
Full Moon Perversions with Isabel and Luna,62,AllAnal
Febby and Kenzie Make a Nasty Duo,57,AllAnal
Dana and Gia Go All Out Nasty,56,AllAnal
Wicked Ways with Riley and Emma,45,AllAnal
Anything Goes with Julie and Kira,75,AllAnal
Gape Frenzy with Harmony and Lexi,58,AllAnal
Big Booty Love with Valentina and Adriana,73,AllAnal
Arietta and Dixie Are Down and Dirty Darlings,43,AllAnal
Sluts on Parade with Bella and Adira,58,AllAnal
Milf Masterpiece with London and Jasmine,66,AllAnal
Lisey and Candice Are Bubble Butt Bombshells,58,AllAnal
Red Head Fantasy with Luna and Aria,50,AllAnal
ATM Initiation with Karma and Violet,61,AllAnal
Double Stuffed Delight with Sailor and Maya,67,AllAnal
Lewd Conduct with Nia and Eliza,49,AllAnal
Risqué Business with Skyler and Vanessa,55,AllAnal
Vina and Kenzie are Anal Sweethearts,65,AllAnal
Adriana and Brooklyn are Partners in Slime,52,AllAnal
Naughty Teamwork with Gia and Penelope,70,AllAnal
Ass Gaping Drills with Chloe and Natalia,53,AllAnal
Juicy Anal Affair with Bella and Katie,47,AllAnal
Cock Patrol with Brooklyn and Vanna,59,AllAnal
Aiding and Abetting with Haley and Leah,69,AllAnal
Messy Mischief with Aaliyah and Abigail,55,AllAnal
ATM Session with Khloe and Natalie,67,AllAnal
Slip and Slide into Adria and Katya,53,AllAnal
Gaping Anal 3 Way with Cassie and Nelly,64,AllAnal
In and Out Service with Daisy and Lenna,73,AllAnal
The Nasty Show with Arietta and Brooklyn,70,AllAnal
Filthy Fun with Esperanza and Luna,62,AllAnal
Tit and Ass Fucking with Anissa and Sharon,66,AllAnal
ATM Extravaganza with Layla and Carolina,70,AllAnal
BFF Tag Team with Zoe and Rosalyn,50,AllAnal
Anal Dream Team with Anny and Avi,76,AllAnal
Anal Sex…FOREVER!,61,AllAnal
Big Booty Bonanza with Gia and Chanell,58,AllAnal
Katie's Butthole Special,55,AnalOnly
Mona's Ass Wants More,59,AnalOnly
Hot Anal Desires With Willow,53,AnalOnly
Getting In Savannah's Booty,53,AnalOnly
Marilyn's Anal Dream,61,AnalOnly
Joey Needs Her Booty Banged,49,AnalOnly
Dixie Lynn Does it Again,56,AnalOnly
Deep In Kay's Ass,53,AnalOnly
Liz Has Anal Demands,50,AnalOnly
Jessie Can't Get Enough,52,AnalOnly
Penelope Wants It Deep,45,AnalOnly
Tommy's Anal Excitement,55,AnalOnly
Xochi Loves Anal,55,AnalOnly
Joey's Hot For Anal,51,AnalOnly
Willow Rides A Big One,49,AnalOnly
All Up in Cali's Ass,51,AnalOnly
Katie's Anal Talents,57,AnalOnly
Summer Time Anal Fun,49,AnalOnly
Back In Avery's Ass,47,AnalOnly
Katrina's Anal Date,44,AnalOnly
Kira Wants Some Anal,54,AnalOnly
Kylie's In the Mood for Anal,51,AnalOnly
Riding Nikki's Ass,39,AnalOnly
Katrina's Comin' In Hot,46,AnalOnly
Gia's Gonna Get Down,41,AnalOnly
Warming Up Ana's Ass,44,AnalOnly
Ass Stretching Nicole,52,AnalOnly
Banging Katalina’s Booty,45,AnalOnly
Two Creampies For Maddy,34,AnalOnly
Lana Gives Up the Booty,41,AnalOnly
Heather’s First Anal Scene,45,AnalOnly
Fucking Ailee’s Ass,41,AnalOnly
Going Deep in Gabi,50,AnalOnly
Ava’s Anal Playground,53,AnalOnly
Dicking Down Adira,39,AnalOnly
Summer Comes Early,51,AnalOnly
Jasmine's Ass Takes Every Inch,50,AnalOnly
Alexis Takes It Deep,48,AnalOnly
Hard Anal for Kendra,52,AnalOnly
Misty Loves Dick in her Ass,54,AnalOnly
Anal Time with Tommy,49,AnalOnly
Just Anal for Jessica,51,AnalOnly
Marilyn Stretches Her Hole,50,AnalOnly
Breaking in Jesse’s Ass,42,AnalOnly
Summer’s Anal Craving,49,AnalOnly
Lydia Loves Anal,49,AnalOnly
Straight Up Rose’s Butt,46,AnalOnly
Khloe knows how to please,42,AnalOnly
Anal Fun Time with Valentina,45,AnalOnly
Cum Inside Katalina’s Ass,46,AnalOnly
Ass Playtime with Gia,48,AnalOnly
Lana’s Anal Return,51,AnalOnly
Anal Funday For Tommy,40,AnalOnly
Electra's Anal Pounding,44,AnalOnly
Lily’s Anal Special,47,AnalOnly
Opening Up Lilly’s Ass,47,AnalOnly
Hime’s Hot Anal Workout,29,AnalOnly
London’s Ass Needs a Gaping,55,AnalOnly
Goin’ Hard in Brenna’s Ass,67,AnalOnly
Nadia Gives Up the Booty,61,AnalOnly
Gia Gets More Anal,38,AnalOnly
Tommy's Anal Talents,64,AnalOnly
Honey Needs Her Butt Filled,49,AnalOnly
Lily’s Anal Only Demands,58,AnalOnly
Getting Wild with Jane,57,AnalOnly
Haley’s Butt Needs Gaping,64,AnalOnly
Kyler’s Anal Pleasures,38,AnalOnly
Scarlett’s Anal Interview,59,AnalOnly
Back In Bella’s Booty,60,AnalOnly
Whitney Wants Anal,60,AnalOnly
Gia’s Anal Appetite,55,AnalOnly
Inside Vanessa's Ass,57,AnalOnly
Gaping Brenna’s Butt,63,AnalOnly
Erin Can’t Get Enough Anal,48,AnalOnly
Marilyn is a Badass Backdoor Slut,46,AnalOnly
Savannah’s Massive Anal Cravings,50,AnalOnly
Jillian’s Booty Craves Anal,49,AnalOnly
Vanessa Needs It Up the Ass,48,AnalOnly
Right Up Isabel’s Phat Ass,53,AnalOnly
Naughty Nicole Needs Anal,56,AnalOnly
Avery’s Anal Frenzy,63,AnalOnly
Fucking Rory’s Round Ass,59,AnalOnly
Balls Deep in Penelope,58,AnalOnly
Bailey’s Butthole Workout,57,AnalOnly
Brenna Loves Anal,56,AnalOnly
Nicole’s Naughty Ass Fucking,61,AnalOnly
Making Mila Gape,45,AnalOnly
Liz Loves it Up the Ass,61,AnalOnly
Carmela’s Spectacular Anal,44,AnalOnly
Stretching Khloe's Backside,53,AnalOnly
Electra’s Shocking Anal,58,AnalOnly
Violet is a Gaping Goddess,53,AnalOnly
Chloe’s Ass Needs Some More,43,AnalOnly
Pleasing Charlotte’s Booty,50,AnalOnly
Deep Inside Dixie,46,AnalOnly
Buttfucking Fun with April,63,AnalOnly
Round 2 with Maddy!,61,AnalOnly
Holly's Horny For Anal,47,AnalOnly
Drilling Candice’s Juicy Ass,57,AnalOnly
Valentina's Greedy Gapes,57,AnalOnly
Sophia’s Anal Practice,50,AnalOnly
Hardcore Pounding for Leah,54,AnalOnly
Deep In Isabel’s Ass,64,AnalOnly
Balls Deep Anal with Bella,56,AnalOnly
Eliza’s Anal Playground,56,AnalOnly
Maddy’s first Anal scene!,66,AnalOnly
Anal Fuckdoll Chloe,48,AnalOnly
Advanced Anal With Rebel,62,AnalOnly
April’s Anal Appointment,64,AnalOnly
Deep Up Keira’s Ass,58,AnalOnly
Alicia’s Anal Tryout,52,AnalOnly
Lana Lives Up to Her Name,54,AnalOnly
Chloe Needs a Good Fuck,56,Nympho
Gaby's Gonna Give It Up,75,Nympho
Slimthick Vic Gives it Up,70,Nympho
Kimora's Pretty Pussy,55,Nympho
A Lovely Time with Kay,49,Nympho
Nika Brings the Heat,52,Nympho
Time to Play With Kat & Jessica,74,Nympho
Slide Right Into Jazmin,55,Nympho
Ari Opens Up,52,Nympho
Blake's Tasty Pussy,57,Nympho
Slippin' Into Amber,67,Nympho
Emma Gives Up The Goods,43,Nympho
Harley's Dick Cravings,66,Nympho
Madison Scores Again,63,Nympho
Busty Kayley Gets The Dick,54,Nympho
Gianna's World Class Pussy,56,Nympho
Taking Clara For a Spin,55,Nympho
Arietta's Ready For Action!,54,Nympho
Kimora is Cock Hungry,55,Nympho
Watch Valerica Get Wild!,49,Nympho
Dicking Down Lola's Pussy,56,Nympho
Gianna Needs a Good Fill!,43,Nympho
Valerica's Very Wet Return,38,Nympho
Braylin's Holes Get Worshipped,47,Nympho
Chanel Wants It Deep,57,Nympho
Amber Wants Some More,54,Nympho
On Cloud 9 with Anna Claire,49,Nympho
Kylie is a Major Nympho,49,Nympho
Fiona’s Yummy Pussy,51,Nympho
Taking Amber’s Pussy For a Spin,55,Nympho
Cadence Does It Well,46,Nympho
Jenna's Raunchy Ride,48,Nympho
Aria is a Total Treat,47,Nympho
Madison Is Back For More,50,Nympho
Mia is Hot to Trot,49,Nympho
Amber's Wet Romp,56,Nympho
Jazlyn's Juicy Pussy,56,Nympho
Kira’s Pussy Pounding,59,Nympho
Jewelz Can’t Stop Cumming,63,Nympho
Pussy Pleasure With Jazlyn,49,Nympho
Making Melody Cum,65,Nympho
Hooked On Kylie,50,Nympho
Zerella Needs Her Pussy Stretched,42,Nympho
Savannah Wants To Fuck,53,Nympho
Lolly Wants a Pussy Workout,56,Nympho
Harley Gets Wet N Wild,55,Nympho
Aliya Opens Up Her Holes,45,Nympho
Stretching Out Roxie,50,Nympho
Fuck & Suck Time with Xxlayna,50,Nympho
Slimthick Vic Wants Some Dick,59,Nympho
Bella Needs A Big One,50,Nympho
Kay’s Lovely Pussy,51,Nympho
Xxlayna & Harley Take Turns,61,Nympho
All Access to Madison,45,Nympho
Hardcore Humping for Emma,53,Nympho
Caitlin’s Yummy Holes,50,Nympho
Indica Wants to Ride It,60,Nympho
Anna’s Top Tier Pussy,58,Nympho
Lauren’s Got What You Want,64,Nympho
Sexing Up Xxlayna,47,Nympho
Dicking Down Eve’s Pussy,58,Nympho
Kay Gets Sexed Up,54,Nympho
Cecelia is Hot to Trot,58,Nympho
Sexy Fuckfest with Lily,56,Nympho
Aria’s Hot & Horny,50,Nympho
Amber Amps it Up,66,Nympho
Valerica Steals the Show,58,Nympho
Jazlyn Gets Dicked Down,57,Nympho
Sultry Nympho Sky Pierce,54,Nympho
Harley’s Horny Ride,60,Nympho
Valerica’s Pussy Gets Railed,64,Nympho
Braylin’s Yummy Pussy,49,Nympho
Selena and Mia Get Nasty,76,Nympho
Sexual Playtime with Vivian,69,Nympho
Alina’s Epic Fuck Session,59,Nympho
Catalina’s Juicy Wet Pussy,57,Nympho
Kali’s Pussy Pounding,50,Nympho
Slutty Scarlet Takes a Big Dick,54,Nympho
Freya Needs a Good Fuck,49,Nympho
Skylar’s Supreme Fucking Skills,45,Nympho
Madison’s Hypnotic Booty,65,Nympho
Get Wet N Wild With Kayley,55,Nympho
Laney’s Fuck Session,55,Nympho
Evelyn’s Dick Demands,61,Nympho
Insatiable Samantha Reigns,48,Nympho
Mia Is Ready To Please,43,Nympho
Selena’s Pussy Prowess,57,Nympho
Reyna’s Raunchy Ride,53,Nympho
Going Back To Kali’s Pussy,54,Nympho
Megan Gets Stretched Out,46,Nympho
Payton Gets a Good Pounding,54,Nympho
Jessie is a Tempting Treat,41,Nympho
Aliya is Your Fuckdoll,57,Nympho
Mesmerized by Jazmin Luv,47,Nympho
Skylar is a Natural Nympho,45,Nympho
Non-Stop Fucking with Angel And Jamie,61,Nympho
Mona Twerks for Cock,49,Nympho
A Big Dick for Alex,51,Nympho
A Wild Time with Jamie,46,Nympho
Violet Brings the Bounce,64,Nympho
Angel & Sera Pair Up,74,Nympho
Kiarra’s Cock Cravings,61,Nympho
Lilly Gets Dicked Down,64,Nympho
Mia Always Wants More,60,Nympho
Serena & Natalie’s BFF Fuckfest,86,Nympho
Drilling Anna Claire's Pussy,57,Nympho
Sharing Jizz with Jazmin & Liz,67,Nympho
Jamie Gets Dicked Down!,59,Nympho
Angel Takes A Deep Pounding,63,Nympho
Something Wild About Lacy,64,Nympho
Hooked on Natalie Brooks,54,Nympho
Jordan’s Hungry for Cock,53,Nympho
Kali’s Serving Up Cake,63,Nympho
Skylar’s Fucking Frenzy,53,Nympho
Naughty Nymphets Macy & Lily,76,Nympho
Slutty Duo with Sera and Kylie,74,Nympho
Sofi Brings the Heat,57,Nympho
Neon Nympho Catalina Ossa,61,Nympho
Kylie & Lilly Have 2 On 1 Fun,67,Nympho
Carmen’s Big Cock Craving,47,Nympho
Busty Violet Myers Gets Dicked Down,56,Nympho
Jazmin Luv Gives It Up,60,Nympho
Nympho Prowess with Charlotte Sins,64,Nympho
Aria Lee Is Back For More,52,Nympho
Sera's Pussy Stretching Session,66,Nympho
Angel Youngs is a Natural Nympho,57,Nympho
Eliza Is a World Class Pleaser,49,Nympho
Whitney’s Anal Addiction,59,Nympho
Deep Anal Pleasures with La Sirena69,59,Nympho
Double Dipping Vicki,62,Nympho
Leah Gets Her Freak On,65,Nympho
Bella Brings Out the Booty,68,Nympho
Anal Daze with Emily,73,Nympho
Rolling Around with Bella,69,Nympho
Perfect Penetration with Paige,61,Nympho
Evelyn’s Burning Desire,65,Nympho
Kendra Offers Her Holes,61,Nympho
Valentina Backs It Up,50,Nympho
Slutty Tendencies with Indica and Aria,83,Nympho
Ass On Command,53,Nympho
Dirty Talk with Adira,60,Nympho
Jane's Anal Games,56,Nympho
The Magic Spot with Dana,65,Nympho
The Naughty List with Angela,73,Nympho
Clapping Cali's Cake,60,Nympho
Big Booty Tricks with Daisy,65,Nympho
Violet’s Backdoor Audition,73,Nympho
Khloe's Back for Anal,57,Nympho
Nia Will Blow You Away,61,Nympho
Chanel's Ready for Anal,57,Nympho
Uma Unleashed,63,Nympho
Anal Creampie for Alexis,55,Nympho
Stretching Out Brooklyn,65,Nympho
Gabbie's All-Natural Abilities,62,Nympho
Lustful Leisures with Lily and Laney,67,Nympho
Slut Party with Natalie and Avery,79,Nympho
Big Tit Cravings with Skylar,60,Nympho
Foxy Fuck-Fest with Aidra,61,Nympho
Valerie's Bootylicious Ride,73,Nympho
Natalia Takes It Deep,62,Nympho
Gettin' Down with Dixie,58,Nympho
Adira’s First Squirting Scene,59,Nympho
Gianna is a True Nympho,60,Nympho
Natalie Gets Her Fix,55,Nympho
Violet’s Sex Crazed Ways,53,Nympho
Busty Takeover with Ella and Violet,76,Nympho
Pure Seduction with Jewelz,50,Nympho
Big Booty Madness with Kenzie,59,Nympho
Slut Tryout with Aliya,57,Nympho
Scandalous Fun with Scarlit,41,Nympho
Hitting the Mark with Melody,65,Nympho
Deep Inside Sloan,74,Nympho
Raising the Bar with Vanna,64,Nympho
Emma and Katya Are Cock Sharing Cuties,63,Nympho
Spice It up with Cecilia,51,Nympho
Emily Is a Pleasure Slut,49,Nympho
Sexual Chemistry with Scarlett,58,Nympho
Mackenzie Is a Squirt Machine,51,Nympho
Sampling Sadie’s Goods,66,Nympho
Whitney’s Full Body Workout,56,Nympho
Danni Gets Dicked Down,62,Nympho
Going All Out On Kyler,64,Nympho
Body Talk with Cassidy,62,Nympho
Skillful Fucking with Athena,59,Nympho
A Hard Pounding for Lily,56,Nympho
Lilly Takes Hard Cock,76,Nympho
Dirty Deeds with Demi,70,Nympho
Kinky Combo with Kenzie and Brooklyn,80,Nympho
Liv Gets Wild,67,Nympho
Sydney Gets Creampied,56,Nympho
Taking on Alexis,69,Nympho
Alex Fires You Up,73,Nympho
Getting Steamy with Victoria,56,Nympho
Dippin' in Honey,65,Nympho
Superslut Showdown with Jill and Gianna,92,Nympho
Natalie's Naughty Audition,48,Nympho
Bonding with Savannah,69,Nympho
The Sky Is the Limit with Vina,47,Nympho
Wet and Wild with Cadence,56,Nympho
Sexual Playtime with Sofi,65,Nympho
Creampie for Rosalyn,53,Nympho
Menage a Trois with Alina and Evelyn,87,Nympho
Getting Lucky with Lacy,61,Nympho
Bunny Hops on Cock,46,Nympho
Sliding Into Kali,62,Nympho
Booty Bouncing with Valentina,52,Nympho
Hadley Quenches Your Thirst,63,Nympho
Inside Alex’s Heart-Shaped Box,64,Nympho
Fantasy Fuck with Eliza,74,Nympho
Turning up the Heat with Carmen,70,Nympho
Making Khloe's Kitty Purr,68,Nympho
Aria is on Fire,65,Nympho
Up Close and Personal with Kayla,59,Nympho
Irresistible Urge with Evelyn,63,Nympho
Booty Call With Naomi,70,Nympho
All About Arietta,61,Nympho
Evelin Does It Right,57,Nympho
Hannah's Turn To Play,49,Nympho
Athena Aims To Please,57,Nympho
Nia Needs It Bad,60,Nympho
Ashly Is Put To The Test,56,Nympho
Falling Hard For Autumn,58,Nympho
Amia’s Lubed Up Fuck Fest,71,Nympho
Kenna Craves Cock,62,Nympho
Hard Dick Riding With Alina,82,Nympho
Ivy Is A Nymphomaniac,80,Nympho
Uma Gets Naughty,84,Nympho
Hot Sex With Anastasia,73,Nympho
A Wild Time With Gianna,71,Nympho
Jill’s Got Skills,78,Nympho
Charity Gives Back,65,Nympho
"Choking on Dick with Katie, Sophia & Nicole",55,Swallowed
Mazy & Chanel Love Sucking Dick,50,Swallowed
Gaby Slurps it Up,39,Swallowed
Hardcore Cocksucking with Graycee,53,Swallowed
Bella’s Dick Sucking Dare,27,Swallowed
All Out Suck Fest feat. Rebel and Lydia,45,Swallowed
Katie & Erin Swallow & Swap,45,Swallowed
Fucking Tiana’s Mouth,40,Swallowed
Roxie & Riley Love Sucking Cock,45,Swallowed
Game of Throats feat. Tommy and Katrina,48,Swallowed
Aria & Tiana Test Their Oral Skills,51,Swallowed
Willow & Ari's Wet Blowjob,66,Swallowed
Throat Fucking Sophia,40,Swallowed
Roxie & Nicole Are Dick Hungry,54,Swallowed
Ari's Oral Overload,47,Swallowed
Wet & Sloppy With Willow,45,Swallowed
Loving Harley's Head Game,33,Swallowed
Throats Wide Open With Brooklyn & Lydia,59,Swallowed
Dick Sucking Mayhem With Nicole & Rose,46,Swallowed
Nicky Slurps it Up,46,Swallowed
Lola and Graycee Go Wild,46,Swallowed
Valerica's Oral Addiction,38,Swallowed
Stretching Mackenzie's Mouth,39,Swallowed
Suction Satisfaction With Lola,34,Swallowed
Katrina's Blowjob Mania,32,Swallowed
Lolly Gives Good Head,40,Swallowed
Roxie's Wet & Wild BJ,39,Swallowed
Brenna’s Mighty BJ Skills,42,Swallowed
Something to Suck On for Katrina & Summer,55,Swallowed
Sucking Satisfaction With Jasmine,48,Swallowed
Katrina & Lola's Sloppy Cocksucking Special,45,Swallowed
Such a Sucker for Mona,34,Swallowed
Anna Wants Her Throat Fucked,40,Swallowed
Deepthroat Desires with Violet & Izzy,51,Swallowed
Bailey Gives Good Head,36,Swallowed
Zerella is a Cocksucker Supreme,39,Swallowed
Sloppy BJ Social with Bunny,42,Swallowed
Whitney's Throat Workout,39,Swallowed
Zerella Goes The Distance,34,Swallowed
Lana & Misty’s Oral Showdown,51,Swallowed
Summer Slurps it Up,37,Swallowed
Zerella and Harley Show Off their Skills,52,Swallowed
Roxie Gets Dripping Wet,41,Swallowed
Making Hazel Drool,28,Swallowed
Superb Slurping With Lily & Harley,46,Swallowed
Kira Sucks a Mean Dick,37,Swallowed
Aliya Trains Heather’s Mouth,36,Swallowed
Adira’s Wet Cumback,38,Swallowed
Training Harley’s Throat,32,Swallowed
Samantha and Lolly Aim to Please,42,Swallowed
Sloppy Toppy Sweetheart Nia,25,Swallowed
Brenna & Valerica’s Very Wet Blowjob,39,Swallowed
Lily’s Hardcore Head Game,32,Swallowed
Messy BJ Session With XxLayna & Harley,41,Swallowed
Roxie & Naudi’s BJ Boot Camp,44,Swallowed
Brooklyn Tests XxLayna’s Skills,51,Swallowed
Valentina Gets Face Fucked,33,Swallowed
Nicole & Indica Are Cum Guzzlers,51,Swallowed
Mona Shows Off,35,Swallowed
Let Lana Suck You Up,32,Swallowed
"Deep Inside Misty, Lana & Avery’s Thirsty Throats",48,Swallowed
Sloppy Slurping With Violet & Gia,35,Swallowed
Filling Erin & Bella’s Throats,45,Swallowed
Kenzie’s Showcase of Sluttiness,39,Swallowed
Rose and Naudi are Cock Gobblers,44,Swallowed
BADKITTYYY’s Bombastic Blowjob,41,Swallowed
Penelope and Rory’s Dick Sucking Drills,48,Swallowed
Arietta and Kay’s Sloppy Oral Date,45,Swallowed
Blowjob Dreams With Erin,45,Swallowed
Brenna and Vanessa Go to Work!,51,Swallowed
Tommy Wants Her Throat Fucked,37,Swallowed
Harley & Xxlayna Get Sloppy Together,43,Swallowed
"Face Fucking Fun with Honey, Aliya & Nadia",51,Swallowed
Testing Tommy’s BJ Skills,41,Swallowed
Fucking Nicole’s Throat,34,Swallowed
Jazlyn Slurps it Up,51,Swallowed
Morgan Will Make You Cum,40,Swallowed
"Sera, Zerella & Harley Are 3 The Hard Way",63,Swallowed
Sloppy Toppy with Penelope & Aliya,51,Swallowed
Face Fucking Valerica,42,Swallowed
Scarlett and Gia Team Up,47,Swallowed
Indica Sucks it Dry,42,Swallowed
Stretching Nella’s Throat,40,Swallowed
Maya & Indica Give Oral Satisfaction,42,Swallowed
Liz Lets Loose,33,Swallowed
Oral Expertise with Misty and Abbie,46,Swallowed
Balls Deep Down Selena’s Throat,39,Swallowed
Face fucking Party with Rebecca and Nicole,46,Swallowed
Brooklyn & Lydia Gag Over Cock,59,Swallowed
Wet & Sloppy With Kali,38,Swallowed
Dick Sucking Madness With Liz & Selena,47,Swallowed
Penelope  & Rory Are Slurping Up Cock,57,Swallowed
Suck N’ Slurp Fest with Isabel and Catalina,49,Swallowed
Selena & Rebel Suck It Raw,58,Swallowed
"Deepthroat Dream Team with Jamie, Brooklyn & Rebel",63,Swallowed
"Top Tier Sucking with Emma, Paige & April",60,Swallowed
Bailey’s Sloppy Head Session,38,Swallowed
Aliya’s Stellar BJ,43,Swallowed
Fucking Mia’s Mouth,51,Swallowed
Angela & Violet Gag On a Big One,49,Swallowed
Coco & Aria Are Cock Swapping Sluts,38,Swallowed
Spit & Shine With Haley,37,Swallowed
Angel’s Deepthroat Challenge,43,Swallowed
Bella’s Banging Throat Job,37,Swallowed
Carmela Drains the Dick,38,Swallowed
"Insane Triple BJ With Mila, Lydia & Kaiia",38,Swallowed
Angel & Sera Certified Dick Suckers,56,Swallowed
Super Suck-Fest with Brooklyn & Jamie,41,Swallowed
Throat Fucking Fun with Nikole and Aliya,61,Swallowed
Wet Date with Gianna,30,Swallowed
Gia & Violet Go Crazy for Cock,59,Swallowed
Sera & Kylie’s Sloppy Match Up,48,Swallowed
Angel's All Out Suckfest,46,Swallowed
Jamie’s World Class Head Game,41,Swallowed
Stretching Jessie’s Mouth,37,Swallowed
A Sloppy Session for Angelica & Lenna,51,Swallowed
"Supreme Dicksucking with Kaitlyn, Natalie and Lexi",51,Swallowed
Natalie’s Depraved Dicksucking,47,Swallowed
Aria’s All About Oral,37,Swallowed
Whip Cream Dream With Skylar,49,Swallowed
Balls Deep Down Nina’s Throat,41,Swallowed
Holly’s Deepthroat Workout,35,Swallowed
Jamie and Angel Gobble Up That Dick,53,Swallowed
Three The Hard Way,48,Swallowed
Khloe & Brooklyn Are Cocksucking Queens,55,Swallowed
"Swapping & Sucking Cock With Aliya, Allie & Spencer",53,Swallowed
Kali Wants that Nut!,42,Swallowed
Sarah’s Heavenly Head Game,39,Swallowed
Deepthroating Divas Do it Well,50,Swallowed
Cock Gagging Natalia,38,Swallowed
Emma Gets Her Throat Fucked,36,Swallowed
"Rebel and Lana, Part 2",52,Swallowed
Sera’s Impressive Skills,46,Swallowed
Gagging on Cock with Leah and Charlotte,48,Swallowed
Jennifer’s Cock Craving,41,Swallowed
"Feeding Frenzy with Mackenzie, Maddy and Selina",40,Swallowed
World Class Blowjob with Lana Anal,37,Swallowed
Hardcore Dicksucking feat. Kylie Rocket,51,Swallowed
Double BJ Magic with Melody and Nikki,42,Swallowed
Heavenly Head from Dixie Lynn,42,Swallowed
Rebel's Oral Fix,30,Swallowed
BADKITTYYY and Lana are Soul Suckers,45,Swallowed
Nikole and Sera Suck It Dry,57,Swallowed
Sloppy Suckfest with Rebel and Lana,41,Swallowed
Vicki Makes a Mess,53,Swallowed
Natalie’s Spit Filled BJ,48,Swallowed
Cocksucking Match Up with Lexi & Rebel,44,Swallowed
Valentina’s Oral Playtime,41,Swallowed
Mouth Masterpiece with Riley,48,Swallowed
Sloppy Showcase with Val and Lilly,52,Swallowed
Slime Time with Nikole,36,Swallowed
Eliza Is a Juice Maker,46,Swallowed
Morgan Leaves You Satisfied,37,Swallowed
Krystal and Nova Are Ready to Blow,42,Swallowed
Violet Brings the Sauce,40,Swallowed
"Sharing is Caring with Charlotte, Kamryn, and Ashley",42,Swallowed
Loose Lips with Lily and Laney,45,Swallowed
Scarlit and Gia Share a Dick,45,Swallowed
The Good Spit,46,Swallowed
Audrey's Throat Workout,27,Swallowed
Ana Stuffs Her Face,39,Swallowed
Angela's Amazing Skills,56,Swallowed
Dixie's Down on Her Knees,43,Swallowed
"Sloppy Teamwork with Kiarra, Emma, and Avi",52,Swallowed
Adira Has Super Spit Powers,35,Swallowed
Leah and Natalie Make a Splash,64,Swallowed
Izzy and Emma Let the Drool Flow,35,Swallowed
Julie's Oral Appointment,49,Swallowed
Leda and Jewelz Get Their Mouths Stuffed,47,Swallowed
Gia and Bella Are Hungry for Dick,41,Swallowed
Bella and Adira Quench Their Thirst,51,Swallowed
Gabbie's Gag Session,33,Swallowed
Raining Spit with Zoe,38,Swallowed
Oral Antics with Tori and Joseline,59,Swallowed
A+ Head Game with Avery and Athena,53,Swallowed
Allie and Iris Are Cocksucking Recruits,39,Swallowed
Oral Artistry with Savannah,55,Swallowed
Brooklyn's Favorite Pastime,47,Swallowed
Dixie’s Spit-Drenched Display,46,Swallowed
Harmony's Wonderful Mouth,26,Swallowed
Adriana and Valentina’s Luscious Lip Lesson,43,Swallowed
Good Vibes with Aidra,49,Swallowed
Alexis Puts Her Throat to the Test,47,Swallowed
Tonsils Deep with Megan and Bella,63,Swallowed
A Job Well Done with Brooklyn and Mackenzie,46,Swallowed
Double Deepthroat Action with Aliya and Natalie,47,Swallowed
Snack Time for Bella and Ashley,52,Swallowed
Tongue Tied with Emma and Aria,39,Swallowed
Head Games with Kiara and Katie,43,Swallowed
Violet Gets Her Way,44,Swallowed
Double Down with Cecilia and Scarlit,61,Swallowed
Wedding Day BJ with Gianna,42,Swallowed
Anastasia and Kendra Get Messy,62,Swallowed
Filling Kyler's Mouth,26,Swallowed
Whipped Cream Scheme with Alina and Evelyn,58,Swallowed
Hard Facefuck for Arietta,28,Swallowed
Triple D Dream Team with Violet and Ella,49,Swallowed
Throat Massage with Kali,32,Swallowed
The Sloppier the Better with Abigail and Sloan,38,Swallowed
"Sloppy Tsunami with Gianna, Katya and Eva",48,Swallowed
Spitshine Service with Scarlett and Leah,44,Swallowed
Romi Reigns over Cock,44,Swallowed
"Oral Brigade with Katie, Chanel, and Vanna",55,Swallowed
More Than a Mouthful for Khloe,49,Swallowed
Maya and Aaliyah Are Throat Masters,40,Swallowed
Drool Factory with Jill,48,Swallowed
Cock Worship with Paige,45,Swallowed
Spit and Slobber with Holly,53,Swallowed
A BJ to Remember with Honey,43,Swallowed
Jasmine and London Are Messy Mistresses,53,Swallowed
Kyler and Naomi Are Cock Sucking Sweethearts,61,Swallowed
Jillian's Amazing Performance,45,Swallowed
1 on 1 with Luna,56,Swallowed
Double Trouble with Evelyn and Arietta,55,Swallowed
Master Level BJ with Sarah,41,Swallowed
"Three Hungry Mouths with Alex, Mackenzie, and Ava",39,Swallowed
Vina’s Throat Challenge,50,Swallowed
"Three Times the Fun with Alexis, Chanel, and Izzy",54,Swallowed
"Triple Suck Off with Lena, Sofi, and Katrina",49,Swallowed
Lily Lends Her Talents,47,Swallowed
"Triple Threat with Elle, Ember, and Jade",57,Swallowed
Noemie Needs It Again,46,Swallowed
Pigtail Facefuck with Michele and Eliza,49,Swallowed
Back in Brooklyn's Throat,45,Swallowed
The Adriana Chechik Experience,53,Swallowed
Skyler and Jenna Put on a Show,55,Swallowed
Rosalyn Is at It Again,41,Swallowed
"Serena, Kenzie, and Brooklyn are Sucking Dick with Friends",52,Swallowed
Arietta and Melody Test Their Throats,47,Swallowed
Aaliyah is Hungry for More,34,Swallowed
Kali Rose to the Challenge,49,Swallowed
Valentina’s Flawless Technique,68,Swallowed
Aria Gets a Mouthful,51,Swallowed
Oral Entertainment with Penelope and Gia,57,Swallowed
Naomi Blew Us Away,37,Swallowed
Eliza Goes All Out,61,Swallowed
Let the Oral Games Begin,44,Swallowed
Vina's Drool-Filled Throat Fuck,38,Swallowed
Audrey and Fallon Let Loose,59,Swallowed
Bomb Head with Evelyn,32,Swallowed
Feeding Time for Adria,44,Swallowed
Arietta And Naomi Work It Together,49,Swallowed
Scarlett And Alex Choke On Cock,38,Swallowed
Lip Service With Kayla,43,Swallowed
Oral Stimulation With Lenna And Allie,45,Swallowed
Layla Chugs It Down,32,Swallowed
Throat Clinic With Julie,38,Swallowed
Natalie Gets Nasty,39,Swallowed
Blair Makes It Disappear,37,Swallowed
Arietta’s Eager To Please,33,Swallowed
Sailor And Maya Get Their Mouths Filled,43,Swallowed
Head Game On Point With Nia,37,Swallowed
Gia And Kendra Are Nasty Throat Sluts,55,Swallowed
Emily And Paige Are Dick Thirsty Divas,53,Swallowed
Tag Team Dream With Kissa And Adriana,35,Swallowed
Twice The Fun With Charity And Gianna,41,Swallowed
Demi And September Are Dick Sucking Bosses,36,Swallowed
Busty Babe Bj With August And Karma,57,Swallowed
Khloe Is A Blowjob Princess,43,Swallowed
Valentina Is Back For More,51,Swallowed
Spit Shine Service With Britney And Aria,41,Swallowed
Mouth Magic With Chanell,52,Swallowed
Slobber Fest With Gia,49,Swallowed
Athena Goes Crazy For Cock,27,Swallowed
Double Duty Bj With Kenzie And Britney,43,Swallowed
"Hard Gagging With Ember, Amilia, And Amethyst",51,Swallowed
A Pair Of Hungry Cocksuckers With Jenna And Taylor,42,Swallowed
Joseline Gets Sloppy,40,Swallowed
Epic Suck Off With Nia And Ashley,50,Swallowed
Oral Encore With Rosalyn And Zoe,47,Swallowed
"Melody, Natalie And Sofia Put Their Mouths To Work",47,Swallowed
Oral Appreciation With Giselle,53,Swallowed
Kira And Julie Suck Dick Together,50,Swallowed
Throat Therapy With Athena And Keira,38,Swallowed
Solo Suck Session With Ana,38,Swallowed
Gianna Gives Sloppy Head,34,Swallowed
Ivy Gets Facefucked,35,Swallowed
Quality Throat Job With Penelope,37,Swallowed
Nonstop Oral Action With Esperanza And India,47,Swallowed
Five Star Service With Eden And Zelda,47,Swallowed
Tit Fucking And Cock Sucking With Romi,36,Swallowed
Emily And Bobbi Get Sloppy Together,44,Swallowed
Big Booty Blowjob With Valentina And Julz,47,Swallowed
Oral Fixation With Noemie And Daizy,51,Swallowed
Riley Unleashed,40,Swallowed
Kissa Loves Sucking Dick,37,Swallowed
Throat Service With Carolina,33,Swallowed
Bombshell Blowjob With Mercedes And Nina,47,Swallowed
Anastasia's Slurp Session,46,Swallowed
Olive And Audrey’s Oral Exam,56,Swallowed
Spit And Slobber With Zelda,41,Swallowed
Lilly Guzzles Cock Down,48,Swallowed
"Blowjob Audition With Zoe, Pamela, And Rosalyn",56,Swallowed
Mouth Watering Action With Kendra,50,Swallowed
Dana And Chanel Swallow It All,41,Swallowed
"Triple Suck Fest With Eliza, Pepper, And Gia",54,Swallowed
Luna Uses Her Throat,35,Swallowed
Luna’s Oral Challenge,25,Swallowed
Double Throat Fuck With Amara And Holly,52,Swallowed
Candice Craves A Huge Load,36,Swallowed
One On One With Abigail,56,Swallowed
Mi Ha And Marilyn Share A Dick,53,Swallowed
Gina Loves Coming Back For Cock,49,Swallowed
Sexy Teamwork With Ivy And Sadie,45,Swallowed
A Sloppy Duo With Gina And Jynx,47,Swallowed
"Three Mouths To Feed With Crystal, Christy And Nadia",38,Swallowed
"Oral Overload With Kimberly, Ziggy, And Liv",53,Swallowed
"A Trio of Pleasure with Vanessa, Penelope, and Lilly",48,Swallowed
Cock Worship With Monica And Hime,47,Swallowed
Ariana Gets Dirty,29,Swallowed
Bff Blowjob With Maya And Lily,54,Swallowed
"Three On One With Cadence, Quinn, And Sadie",46,Swallowed
Putting Tiffany To The Test,28,Swallowed
Eden’s Deepthroat Lesson,34,Swallowed
Full Oral Service With Bobbi,33,Swallowed
Amara’s Throat Audition,34,Swallowed
A Good Time With Chloe,37,Swallowed
Adria And Marley Team Up,49,Swallowed
Naughty Fun With Marley,46,Swallowed
Aaliyah’s Soul-sucking Bj,48,Swallowed
Kendra & Maria Get Down,44,Swallowed
Jill’s Oral Expertise,43,Swallowed
Alina’s Special Skills,52,Swallowed
Violet Starr Steals The Show,44,Swallowed
Carolina & Khloe’s Double Bj Dream,47,Swallowed
Jaclyn And Christie Are Ready For Action,40,Swallowed
Jessica Rex Knows How To Please,41,Swallowed
Karlee Puts Her Tonsils To Work,45,Swallowed
Bella & Veronica Suck It Dry,53,Swallowed
Gag Fest Featuring Kira & Kendra,45,Swallowed
Wet Throat Workout With Anya And Khloe,54,Swallowed
Oral Magic With Jynx Maze,42,Swallowed
Tongue Twisters With Jade And Jessica,40,Swallowed
All Out Oral With Jessa Rhodes,43,Swallowed
Latina Lovin’ With Vanessa And Victoria,44,Swallowed
Summer And Blair's Eye-watering Showdown,42,Swallowed
Spit Slurpees With Bobbi And Lilly,41,Swallowed
Giselle's Luscious Lip Lesson,41,Swallowed
"Blowjob Besties With Aaliyah, Adriana, Julie",46,Swallowed
Sarah's Slurp Session,36,Swallowed
Sarah And Adriana Are Deepthroat Queens,32,Swallowed
Messy Mistresses With Eden And Lydia,41,Swallowed
Bff Baddies With Jessica Jones And Emily Blacc,43,Swallowed
Dirty Darlings Adriana Chechik And Kalina Ryu,34,Swallowed
Naughty Nymphos With Holly Hendrix And Kenzie Reeves,30,Swallowed
Pussy Cat Playground With Arya Fae,26,Swallowed
Korean Kink With Saya Song,36,Swallowed
Evelin And Penelope In Ball-sucking Brunettes,31,Swallowed
"Superslut Sensation With Joseline, Lily & Maya",39,Swallowed
All-natural Abilities With Katrina And Sofi,40,Swallowed
Deep-throat Delivery With Gina Valentina,36,Swallowed
Kimber And Layla Rock The Cock,40,Swallowed
"Oral Magic With Khloe, Carmen And Jaye",45,Swallowed
Double-dipping With Abella And Luna,47,Swallowed
"Triple-duty With Jennifer, Rachele And Zoey",41,Swallowed
"Eden, Andi & Zoe Put On A Slobber Clinic",40,Swallowed
Jillian And Jill Let The Drool Spill,39,Swallowed
"International Suckfest W/ Riley, Jennifer And Jade",39,Swallowed
Violet And Giselle Unleashed!,51,Swallowed
Kenzie And Lilly Join Forces,42,Swallowed
Anya Is A Slobber Slut,40,Swallowed
Romi And Chanel's Gagfest Galore,47,Swallowed
Adriana Swims In Rivers Of Spit,31,Swallowed
"Rebel, Carolina And Maya Test Their Skills",36,Swallowed
Quinn And Kristen Devour A Hard Cock,32,Swallowed
Alex Shows Off Her Slobber Skills,35,Swallowed
"Joseline, Alex & Jojo Are Tag Team Sensation",43,Swallowed
"Sarah Vandella, Back With A Vengeance",35,Swallowed
Jynx And Luna Spice Things Up,42,Swallowed
"Aj, Keisha And Violet Get After It",48,Swallowed
Abella And Karlee Are Thirsty Little Throat Sluts,44,Swallowed
Together Haley And Jillian Make Spit Happen,43,Swallowed
"Anna Bell, Kleio And Harlow This Tatted Trio Gets Sloppy",39,Swallowed
Aaliyah And Honey Go A Little Crazy On A Dick,46,Swallowed
"Arya, Gina, And Sydney Take It To The Limit",38,Swallowed
"Lily, Rylee And Arielle In Teamwork Makes The Dreamwork",50,Swallowed
"Chloe, Niki And Honey Take Turns Choking On Cock",51,Swallowed
Chanell And Ana Are Letting The Drool Flow,49,Swallowed
Adriana And Sarah Go Zero To One Hundred,29,Swallowed
Karlee And Angela In Natural Tits Spit Edition,52,Swallowed
"Luna, Chloe And Cadence Get Things Drenched From Both Ends",51,Swallowed
Naomi And Alex Get Their Gag On,57,Swallowed
"Kacie, Eden And Anastasia Are A Well Oiled Goo Machine",51,Swallowed
Haley And Lily Dole Out Double Helpings Of Sloppy,49,Swallowed
"Holly, Angel And Lily Are Natural Born Spit Swappers",44,Swallowed
Abigail And Eva Are Hungry For Cock,55,Swallowed
Riley Has A Throat Made For Fucking,46,Swallowed
Sarah And Vicki Show Messy Sharing Is Caring,38,Swallowed
Jynx Turns Her Mouth Into A Waterpark For A Dick,34,Swallowed
"Ana, Chanell And Skyler Let The Spew And Spittle Fly",42,Swallowed
"Chloe, Alexa And Summer Prove Drooling Blondes Have More Fun",50,Swallowed
Zelda And Alyssa Get Some Dick Gurgling Lessons,27,Swallowed
Jill And Gina In A Sloppy Gargling Suck Party,43,Swallowed
"Adriana, Megan And Lana Get A Slather Drenched Throat Fucking",47,Swallowed
There Is Spittle Chemistry Between Adriana And Anya,48,Swallowed
"Adria, Jill, Arya, Riley And Lily Gulp Spit Stringers",50,Swallowed
Sexpots Mia And Lana Savor Every Juicy Drop,34,Swallowed
"Mega Sluts Selena, Jillian, And Abigail Get A Fellatio Feast",38,Swallowed
"Alyssa, Zelda And Roxy Perform Some Messy Mouth Magic",36,Swallowed
"Gina, Kimber And Melissa Are Slurpy Knob Bobbing Beauties",33,Swallowed
Sarah Vandella Proves Her Throat Knows No Bounds,31,Swallowed
Best Friends Amara And Tiffany Gurgle Cum,32,Swallowed
Cali And Candice Are Total Spit Whores,32,Swallowed
Roxy And Riley  Share A Lathery Saliva Soaked Cock,30,Swallowed
"Anya, Goldie, And Morgan Hold A Sloppy Spit Gag Fest",41,Swallowed
"Abigail, Kalina And Romi Have A Frothy Drooling Cock Buffet",36,Swallowed
Lily And Allie Are Sluts For Slobber,29,Swallowed
"Amara, Sara And Penny Drool, Slobber And Gag On Cock",39,Swallowed
"Candice, Karlee, Blair And Ana Give A Slobbery Blowjob",31,Swallowed
Alex And Gina Suck On Balls And Swap Spit Bubbles,34,Swallowed
"Salivating Sluts Ana, Vicki And Cali In A Spit Fest",37,Swallowed
"Alaina, Alex, Anya, Lucy, And Melissa  Are Five Times The Gooey Fun",39,Swallowed
"Rachael, Abella, And  Karmen Have A Cum Swapping Party",42,Swallowed
"Cherie, Samia, Dollie, Rita And Juelz Make A Mess Out Of A Big Cock",39,Swallowed
Sarah And Blair Gobble Cock And Goo,32,Swallowed
"Adriana, Megan And Jynx Are A Triple Cock Gagging Threat",33,Swallowed
"Karmen, Layla And Virgo Have Some Spitty, Sloppy Fun",30,Swallowed
"Cadence, Brittany, Kacie, Kimber And Amara All Slobber On One Cock",43,Swallowed
Marley And Aidra Give The Wettest Blowjob Ever,38,Swallowed
"Aidra, Jillian, And Casey Drench Each Other In Spit",39,Swallowed
"Starlets Riley, Anna Bell And Kalina Take On A Triple Face Fucking",30,Swallowed
"Madelyn, Teanna And Abella Deepthroat A Huge Cock",25,Swallowed
"Adriana, Marsha, And Kasey Share A Glass Of Cum",31,Swallowed
"Cock Gargling Fun With Morgan, Karlee, And Aj",36,Swallowed
"Allie, Romi And Chanel Test Their Oral Skills On A Cock",32,Swallowed
Marilyn Makes a Cumback,65,TrueAnal
Jazlyn's Backdoor Cravings,49,TrueAnal
Anal Delight with Emma,59,TrueAnal
Fresh Anal for Kylie,52,TrueAnal
Hazel's Ass Stretching Fun,48,TrueAnal
Deep In Jesse's Ass,54,TrueAnal
Enjoying Joey's Ass,43,TrueAnal
Cali's Bangin' Anal,52,TrueAnal
Deep Anal with Alexis,58,TrueAnal
Jessie's Premium Ass,75,TrueAnal
Katrina Can Take It All,52,TrueAnal
Willow's Tempting Booty,64,TrueAnal
Stretching Rory's Ass,55,TrueAnal
Willow's Love For Anal,47,TrueAnal
Slippin' In Sophia's Ass,58,TrueAnal
Nicole Does It Up The Ass,59,TrueAnal
Jessie Needs Some More,65,TrueAnal
Lolly Gives Up Her Ass,47,TrueAnal
April's Anal Pleasures,53,TrueAnal
Jessie's Big Anal Cumback,47,TrueAnal
Gia's Anal Thrill Ride,63,TrueAnal
Katrina's Goes All Out,55,TrueAnal
Carmela's Anal Power,48,TrueAnal
Going Inside Heather's Ass,44,TrueAnal
Mona Wants it All!,47,TrueAnal
Kylie's Kinky Anal Loving,52,TrueAnal
Violet’s Epic Anal Return,58,TrueAnal
Alexis Wants it Anally,46,TrueAnal
Anal Madness for Mackenzie,49,TrueAnal
Giving It To Liz,46,TrueAnal
Samantha’s Anal Reign,45,TrueAnal
Hazel’s Hypnotizing Ass,60,TrueAnal
Tommy’s Anal Playdate,65,TrueAnal
Maddy’s Anal Training,45,TrueAnal
Jesse Just Wants Anal,54,TrueAnal
Rose’s Backdoor Pleasures,47,TrueAnal
Rebel’s Anal Thrills,64,TrueAnal
Balls Deep in Gia,53,TrueAnal
Misty’s an Anal Champ,56,TrueAnal
Busty Bunny Gives Up the Ass,53,TrueAnal
Lily is an Anal Dream,49,TrueAnal
Deep Anal with Savannah,45,TrueAnal
Summer’s Anal Display,59,TrueAnal
Ailee’s Hot Anal Desires,48,TrueAnal
Busty Katalina Gives Up Her Ass,54,TrueAnal
Kyler’s Gaping Good Time,40,TrueAnal
Brenna’s Ass Invasion,52,TrueAnal
Straight Up Hime’s Ass,40,TrueAnal
Electra’s Gaping Practice,43,TrueAnal
Deep Inside Katalina,48,TrueAnal
Maddy’s Xmas Anal Wish,51,TrueAnal
Brenna Needs Her Ass Banged,52,TrueAnal
All Day Anal For Cassie,56,TrueAnal
Gaping Tommy’s Ass,50,TrueAnal
Lily’s Love For Anal,67,TrueAnal
Samantha’s First Anal,38,TrueAnal
Thankful For April’s Ass,35,TrueAnal
Destiny’s Deep Anal Delight,50,TrueAnal
Ass Stretching Lilly,57,TrueAnal
All Up In Bree’s Ass,33,TrueAnal
Back in Brooklyn’s Booty,41,TrueAnal
Slip Inside of Skylar’s Ass,63,TrueAnal
Brenna’s Anal Prowess,54,TrueAnal
Slippin’ Into Honey’s Ass,50,TrueAnal
Ailee’s First Anal,65,TrueAnal
Goin’ Deep in Tommy’s Ass,45,TrueAnal
Spreading Open Nicole’s Butt,57,TrueAnal
An Ass Stretching For Vanessa,52,TrueAnal
Mandy’s Anal Return,55,TrueAnal
Lily’s Anal Audition,60,TrueAnal
Taking Scarlett’s Ass For a Ride,57,TrueAnal
All About Avery’s Ass,47,TrueAnal
Penelope is an Anal Princess,41,TrueAnal
Erin is an Anal Dream,51,TrueAnal
Karma’s Anal Return,56,TrueAnal
Angel’s Anal Addiction,67,TrueAnal
Savannah’s Ass Takes It All,56,TrueAnal
Fucking Isabel’s Big Wet Ass,53,TrueAnal
Up the Butt For Liz,57,TrueAnal
Ana’s Ass is Back For More,53,TrueAnal
Penelope’s Anal Pleasures,58,TrueAnal
Hot Anal Desires With Marilyn,57,TrueAnal
Backdoor Shots With Jackie Ohh,58,TrueAnal
Angel’s Anal Booty Call,68,TrueAnal
Bailey’s Butt Needs Gaping,50,TrueAnal
Leah’s Deep Anal Drilling,62,TrueAnal
Breaking In Brenna’s Butt,59,TrueAnal
Sommer’s First Anal,57,TrueAnal
Charlotte's Anal Addiction,51,TrueAnal
Back in April’s Backdoor,62,TrueAnal
Angel’s First Anal Scene,53,TrueAnal
Red Hot Anal with Diana,60,TrueAnal
Carmela’s Big Wet Juicy Ass,45,TrueAnal
Opening Up Jane’s Ass,48,TrueAnal
Nicole Gets Her Sweet Ass Fucked,50,TrueAnal
Candice Can’t Get Enough,49,TrueAnal
Inside Isabel’s Ass,63,TrueAnal
Liz Jordan's True Anal Tryout,49,TrueAnal
Bailey’s Stretchy Asshole,51,TrueAnal
Lauren’s Anal Adventure,69,TrueAnal
Haley Needs More Anal,48,TrueAnal
Charlotte's TrueAnal Return,51,TrueAnal
Stretching Holly’s Backdoor,53,TrueAnal
All Up in Paige’s Ass,70,TrueAnal
Lilly’s Anal Craving,52,TrueAnal
Violet’s Anal Cumback,67,TrueAnal
Anal Day with Maddy May,60,TrueAnal
Dixie Does it Again,74,TrueAnal
Charlotte’s First Anal Scene,66,TrueAnal
Buttsex Magic with Candice,67,TrueAnal
Can’t Get Enough Of Khloe,44,TrueAnal
Riding Rebel’s Ass,52,TrueAnal
Anal Playtime with Kayla,60,TrueAnal
Gaping Gabbie’s Ass,75,TrueAnal
Spend ChristmAss with Lilly Hall,54,TrueAnal
Kyler’s Gorgeous Gapes,55,TrueAnal
April’s Anal Serving,62,TrueAnal
Riley Steele Is Back For More,47,TrueAnal
Emma’s Anal Fix,55,TrueAnal
Adira’s Anal Display,55,TrueAnal
Vanessa’s Deep Anal Ride,47,TrueAnal
Siri Takes it All,52,TrueAnal
Ass Stretching Jennifer White,62,TrueAnal
All Up in Lana’s Ass,55,TrueAnal
Anal Decadence with Kayla,65,TrueAnal
Bailey’s Talented Ass,59,TrueAnal
Another Round of Deep Anal with Emma,52,TrueAnal
Ashley Lane Loves Anal,62,TrueAnal
Nala's First Anal,56,TrueAnal
Rebel’s Glorious Gapes,54,TrueAnal
Valentina’s Booty Is Back,58,TrueAnal
Wild Anal With Chloe,61,TrueAnal
Ivy's Anal Stuffing,60,TrueAnal
Emma's First Anal,66,TrueAnal
Nailing Nikole From the Back,57,TrueAnal
Breaking in the Buttslut,54,TrueAnal
Spreading Chloe Open,61,TrueAnal
Anal and Squirting with Adira,54,TrueAnal
Booty Loving with Lana,54,TrueAnal
Backdoor Drilling with Kay,59,TrueAnal
Gapes for Days,45,TrueAnal
Sophia's First Anal,48,TrueAnal
Tapping Katrina‘s Ass,53,TrueAnal
Stretched Out Nice,62,TrueAnal
Fun with Febby’s Ass,59,TrueAnal
Dixie's First Anal,68,TrueAnal
Exploring Emma's Butthole,49,TrueAnal
Out of This World Anal with Gia,54,TrueAnal
Leah’s First Anal,44,TrueAnal
Alexis' Anal Adventure,40,TrueAnal
Adira's First Anal,58,TrueAnal
Nia's Naughty Return,34,TrueAnal
Violet's First Anal,46,TrueAnal
A Second Serving of Bella,52,TrueAnal
Savannah's Anal Ride,65,TrueAnal
Eliza's First Anal,49,TrueAnal
Maximum Stretch for Chanel,48,TrueAnal
Booty Love with Bella,66,TrueAnal
Down Under Savannah,54,TrueAnal
Alexis' First Anal,50,TrueAnal
Polishing Valentina’s Jewel,54,TrueAnal
Rear End Service for Kyler,69,TrueAnal
Big Booty Bouncing with Savannah,59,TrueAnal
Deep Anal Access with Riley,48,TrueAnal
Nia's First Anal,47,TrueAnal
Vina is Back for More,32,TrueAnal
Gape Orientation with Lexi,34,TrueAnal
Brooklyn's First Anal,40,TrueAnal
Red Hot Anal for Katrina,44,TrueAnal
PAWG Pleasures with Candice,52,TrueAnal
Kyler's First Anal,42,TrueAnal
Round Two with Blair,53,TrueAnal
Harmony’s First Anal,75,TrueAnal
Handling Hime’s Heinie,34,TrueAnal
Arietta's Anal Prowess,52,TrueAnal
Bella's First Anal,62,TrueAnal
Stretching Vina’s Backside,43,TrueAnal
Cashing in with Casey,54,TrueAnal
Aaliyah’s Booty Workout,44,TrueAnal
Anal the Wright Way,55,TrueAnal
Sweet Anal with a Cherry on Top,67,TrueAnal
Gia's First Anal,43,TrueAnal
Emily's Tasty Gapes,51,TrueAnal
Daisy's Dynamite Display,40,TrueAnal
Jane Is an Anal Princess,73,TrueAnal
Vina's Special Day,44,TrueAnal
Filling Up on Honey,48,TrueAnal
Blair's First Anal,47,TrueAnal
Addicted to Gia,64,TrueAnal
Anal Creampie for Maria,54,TrueAnal
Valentina's First Anal,83,TrueAnal
Paige Loves Anal,73,TrueAnal
Naomi's First Anal,63,TrueAnal
Arietta’s Anal Training,52,TrueAnal
Hot Times with Katrina Jade,59,TrueAnal
A Tight Fit for Zoe,45,TrueAnal
Antonella's First Anal,63,TrueAnal
Another Round of Gia,63,TrueAnal
Karma's Anal Prescription,67,TrueAnal
Anal Catch Up with Alex,56,TrueAnal
Lily Likes It from Behind,53,TrueAnal
Khloe Wants More,74,TrueAnal
Anastasia Lets Us In,39,TrueAnal
Zoe's Asshole Blooms,62,TrueAnal
Lisa's Royal Anal Treatment,60,TrueAnal
Backdoor Beginnings for Kayla,65,TrueAnal
Arietta’s Anal Introduction,55,TrueAnal
Kendra's TrueAnal Comeback,60,TrueAnal
Khloe's Anal Debut,58,TrueAnal
Marley's Anal Adventure,56,TrueAnal
Gapes Galore with Gia,56,TrueAnal
Layla is Back with a Vengeance,46,TrueAnal
Naomi and Anastasia Make a Filthy Duo,66,TrueAnal
Bottoms Up with Brenna,58,TrueAnal
Rina Gets Her Asshole Stretched Out,56,TrueAnal
Anal Expertise with Nina,67,TrueAnal
Balls Deep in Joanna's Ass,45,TrueAnal
First Anal for Layla,62,TrueAnal
'Tis The Anal Season,61,TrueAnal
Can't Get Enough of Gia,67,TrueAnal
Angela Takes Over,66,TrueAnal
More Anal For Mi Ha,43,TrueAnal
Round 2 With Kissa,44,TrueAnal
Enjoying Karmen's Cake,56,TrueAnal
Athena and Keira are Anal Besties,39,TrueAnal
Back In Gia's Ass,57,TrueAnal
Stuffing Abella's Butt,37,TrueAnal
Training Kenzie's Ass,46,TrueAnal
Anastasia’s Anal Return,50,TrueAnal
Popping Lily's Anal Cherry,55,TrueAnal
Bff Butt Fucking With Maria And Anastasia,57,TrueAnal
Rectal Fuckfest With Anna And Jane,71,TrueAnal
Alexis Goes Anal,62,TrueAnal
No Holes Barred With Barbie And Sophia,52,TrueAnal
Anastasia’s Anal Initiation,60,TrueAnal
Ana Does It All,54,TrueAnal
Filling Up Aj's Butt,72,TrueAnal
Backdoor Addiction With Emily,56,TrueAnal
Perverted Pleasures With Kissa,67,TrueAnal
Stretching Lola's Ass,37,TrueAnal
Mi Ha’s First Anal,65,TrueAnal
Raunchy Anal Action With Jessica And Pepper,53,TrueAnal
Butthole Pleasures With Daisy,55,TrueAnal
Breaking In Brooke,64,TrueAnal
Deep Assfucking For Jillian,65,TrueAnal
Anal Love With Chloe,59,TrueAnal
Anal Teamwork With Ivy And Giselle,59,TrueAnal
Threesome Fantasy With Kendra And Maya,54,TrueAnal
Digging Deep Into Jane,56,TrueAnal
Tapping Kagney's Ass,68,TrueAnal
All About The Gapes With Riley And Samantha,73,TrueAnal
Veronica And Tara Show How It’s Done,63,TrueAnal
Romi's Bubble Butt Workout,71,TrueAnal
Anal Tag Team With Adriana And Jynx,56,TrueAnal
Fantastic Anal With Luna,64,TrueAnal
Lana And Riley Team Up,77,TrueAnal
Lena Is Horny And Ready To Get Nasty,78,TrueAnal
Brazilian Buttsex With Gina,72,TrueAnal
Booty Love With Angela And Kissa,81,TrueAnal
A Special Treat From Cali And Lilly,66,TrueAnal
Ass Masterpiece With Lana,72,TrueAnal
Back In Riley’s Backdoor,79,TrueAnal
Servicing Brooklyn’s Behind,75,TrueAnal
Butthole Tryout With Gia,71,TrueAnal
Breaking In Kaylani's Ass,78,TrueAnal
Anal Lust With Kendra,84,TrueAnal
Serious Gaping Skills With Chloe And Kendra,67,TrueAnal
Backdoor Creampie For Marilyn,69,TrueAnal
Down And Dirty With Natalia And Eden,72,TrueAnal
Hard Anal For Haley,60,TrueAnal
Tag Team Dream With Lilly And Lily,70,TrueAnal
Taylor Gets Sodomized,55,TrueAnal
Anna Bell Is Hungry For Anal,70,TrueAnal
Adria Gives Up Her Ass,64,TrueAnal
Getting Nasty With Luna And Aaliyah,54,TrueAnal
Anya Is Back For More,51,TrueAnal
Marley And Lily Play Well Together,67,TrueAnal
Ariana’s Booty Gets Drilled,57,TrueAnal
Hot New Anal Fun With Nikki,70,TrueAnal
Anal Encore With Mia,58,TrueAnal
Anal Playtime With Riley,70,TrueAnal
Gina & Khloe Are A Double Threat,73,TrueAnal
Anal & Atm Action With Haley & Chloe,62,TrueAnal
Ava’s Last Anal Ride,50,TrueAnal
Deep In Arya’s Rear End,64,TrueAnal
Taylor & Haley Make A Great Team,80,TrueAnal
Stretching Jessa’s Tight Hole,67,TrueAnal
Asshole Audition With Riley And Arya,72,TrueAnal
Angela's Monster Ass And Tits Are On Full Display,59,TrueAnal
Straight Up Inside Anya's Tight Little Asshole,58,TrueAnal
Keisha And Karlee Are Craving The Cock,64,TrueAnal
Gagging And Gaping With Anya And Jillian,68,TrueAnal
Alex Goes All Out Nasty In Her Backdoor Audition,51,TrueAnal
Anal And Squirting Fun With Adriana And Megan,72,TrueAnal
Watch Mia's Juicy Bubble Butt Get Split Wide Open,66,TrueAnal
True Anal Gaping Glory With Sexy Lana,58,TrueAnal
Allie And Lily Get Their Assholes Drilled,45,TrueAnal
Kylie's Ass Works Overtime,54,TrueAnal
Cadence And Cherie's Trash Talking Threesome,59,TrueAnal
Violet And Anna Enjoy A Sodomy Threesome,53,TrueAnal
Chloe Loves Ass-to-mouth Flavor,61,TrueAnal
Megan Performs The Anal Deed,62,TrueAnal
Cadence Coaches Kacie,51,TrueAnal
Anna Wants Her Ass Stuffed,57,TrueAnal
Samantha Craves A Pounding,58,TrueAnal
Gia Enjoys Juicy Anal,71,TrueAnal
Jade's Ass Rides A Shaft,72,TrueAnal
Amara And Holly Get Asses Filled,57,TrueAnal
Jynx Lives For Anal,40,TrueAnal
Bella Ready For Nasty Anal,50,TrueAnal
Jillian And Gia Have Tender Asses,48,TrueAnal
Anna Has Some Sodomizing Fun,31,TrueAnal
Aspen's Rectal Reaming,50,TrueAnal
Kelsi's Booty Gets Drilled,60,TrueAnal
Candice Proves Gapable,58,TrueAnal
Marley Is Ready For An Ass Pounding,58,TrueAnal
Abby Gets Her Tail Worked,65,TrueAnal
Mandy And Kylie Make Dreams Come True,55,TrueAnal
Kylie And Rachele Atm Madness,54,TrueAnal
Megan Feels The Backside Heat,53,TrueAnal
Samantha Gets A Royal Ass Fucking,50,TrueAnal
Chloe And Cali’s Taste Of Anal,60,TrueAnal
Casey Receives A Rectal Ride,50,TrueAnal
Sarah And Alli’s Bubble Butt Bang,52,TrueAnal
Jynx And Kasey's Anal Dessert,69,TrueAnal
Yhivi's Anal Assassination,47,TrueAnal
Adriana's Asshole Blooms,50,TrueAnal
Marley And Jade's Measuring Tape Gape,52,TrueAnal
Marsha And Megan Make A Mean Team,51,TrueAnal
Abella And Teanna Are Young Little Sluts,51,TrueAnal
Valentina Bends Her Ass Over,53,TrueAnal
Nasty Neon Lovers Megan And Morgan,43,TrueAnal
Marley Is Excited For Sodomy,51,TrueAnal
Abella And Gabriella's Booty Bonanza,50,TrueAnal
Romi's Intense Anal Action,54,TrueAnal
Aidra Loves It From Behind,46,TrueAnal
Jillian Gets Her Asshole Worked,53,TrueAnal
Adriana And Karmen Go On An Anal Adventure,54,TrueAnal
Skyla Spins On a Big One,42,DirtyAuditions
Making Mandy Wet,64,DirtyAuditions
Riding Vivianne’s Ass,55,DirtyAuditions
Laying Pipe In Layla’s Throat,45,DirtyAuditions
Babi’s Anal Affair,29,DirtyAuditions
Nova Heats Things Up,35,DirtyAuditions
Kay & Ameena’s Dicksucking Date,45,DirtyAuditions
Nasty Nat Cant Be Stopped,44,DirtyAuditions
Khloe Cums Back For More,39,DirtyAuditions
Katrina’s Big Anal Return!,47,DirtyAuditions
Xochi's Anal Expectations,45,DirtyAuditions
Kendra’s Ass Needs Cock,50,DirtyAuditions
Ass Fucking Lily,39,DirtyAuditions
Nasty Nat is Back!,37,DirtyAuditions
Penelope Wants It Up Her Ass,52,DirtyAuditions
Katrina Can’t Wait,55,DirtyAuditions
Welcumming Back Paige’s Booty,48,DirtyAuditions
Cassidy Gets AssFucked,48,DirtyAuditions
Double Dose of Dicksucking With Rose & Sophia,57,DirtyAuditions
Willow Wants More,54,DirtyAuditions
Jane's Anal Skills,43,DirtyAuditions
Fucking Katie’s Tight Butt,43,DirtyAuditions
Willow & Harley Make a Lovely Mess,46,DirtyAuditions
Giving Graycee’s Ass Attention,49,DirtyAuditions
"Mia, Jaymee & Kate Slurp Things Up",50,DirtyAuditions
Emma Wants It Deep,49,DirtyAuditions
Avery’s Ass Never Disappoints,38,DirtyAuditions
Taking Willow & Nicole’s Asses For a Ride,58,DirtyAuditions
Rousing Deepthroat With Roxie & Sophia,59,DirtyAuditions
A Cock To Share For Aria & Tiana,67,DirtyAuditions
Nadia Needs A Lesson in Anal,36,DirtyAuditions
Getting In Gia's Backdoor,48,DirtyAuditions
Cali’s Booty Cravings,39,DirtyAuditions
Nicole Needs Her Butt Stretched,35,DirtyAuditions
Ashley’s Insatiable Ass,30,DirtyAuditions
Sophia Will Blow You Away,51,DirtyAuditions
Kylie Craves Anal,36,DirtyAuditions
Khloe Can’t Get Enough Anal,48,DirtyAuditions
All Up In Nicole’s Ass,48,DirtyAuditions
Lydia Loves Anal Creampies,52,DirtyAuditions
Something For Sophia's Backdoor,62,DirtyAuditions
Aria & Tiana Team Up,56,DirtyAuditions
Very Tempting Valerica,29,DirtyAuditions
Plugging Paige's Ass,33,DirtyAuditions
Violet Gets Rimmed,32,DirtyAuditions
Deep In Brooklyn's Face,27,DirtyAuditions
Cumming Hard In Christina,26,DirtyAuditions
Selena Loves To Cum,40,DirtyAuditions
More Anal For Penelope,26,DirtyAuditions
Anal Playtime With Katrina and Jada,21,DirtyAuditions
Maya and Hazel Swap Spit,42,DirtyAuditions
Hot Oral From Harley,31,DirtyAuditions
Mila's Outdoor Anal Bang,45,DirtyAuditions
Naughty Head From Naudi,44,DirtyAuditions
Cum Guzzling Clara,38,DirtyAuditions
Nicole's Anal Needs,38,DirtyAuditions
Take It Outside With Gia,15,DirtyAuditions
Droolworthy Penelope,19,DirtyAuditions
Ashley & Paige Open Up Their Butts,43,DirtyAuditions
Anal Madness With Rebel,28,DirtyAuditions
Jamie Can't Stop Drooling,25,DirtyAuditions
Getting It In With JC & Kallie,36,DirtyAuditions
Making the Most of Mazy,32,DirtyAuditions
Eliza Loves Being a Cocksucking Slut,23,DirtyAuditions
She Loves Getting Face Fucked!,32,DirtyAuditions
Kylie Can Be Slutty,30,DirtyAuditions
Hot & Horny for Harley,30,DirtyAuditions
Sam Swallows A Load,32,DirtyAuditions
Raunchy Good Times With Rebel,43,DirtyAuditions
Jamie and Alex Are Dick Sharing Friends - Part 1,28,DirtyAuditions
Another Ride in Rebel,36,DirtyAuditions
Going Hard For Jane's Ass,38,DirtyAuditions
Penetrating Penelope's Back Door,45,DirtyAuditions
Bella Backs It Up,29,DirtyAuditions
Lana Can't Stop The Drool,9,DirtyAuditions
Kat Craves a Huge Cock,20,DirtyAuditions
A Taste of Amber,10,DirtyAuditions
Jamie and Alex Are Dick Sharing Friends - Part 2,26,DirtyAuditions
Back Door Booty Call with Nicole,32,DirtyAuditions
Ashley's All About Pleasure,17,DirtyAuditions
Chloe Gets Creampied,42,DirtyAuditions
Khole Loves Sucking Cock,31,DirtyAuditions
All About Avery's Ass,33,DirtyAuditions
Gracie's Gonna Give Up The Booty,29,DirtyAuditions
Something For Scarlett's Ass,38,DirtyAuditions
Leah's Ass Needs A Load,24,DirtyAuditions
Chanell Wants Your Dick Down Her Throat,28,DirtyAuditions
Anal At Night With Alexis,34,DirtyAuditions
Honey Isn't That Innocent,44,DirtyAuditions
Kylie Gets Rimmed,38,DirtyAuditions
Brenna Begs for It,34,DirtyAuditions
London's Cream Filled Hole,30,DirtyAuditions
Jasmine and Reina Are In Love,36,DirtyAuditions
Lola Loves Her Pussy Drilled,25,DirtyAuditions
Getting It In With Yumi Sin,32,DirtyAuditions
Bree Is Here To Bang,30,DirtyAuditions
Angel's Ass Craves Attention,43,DirtyAuditions
Nikole Throat Fucks Her Love,23,DirtyAuditions
Chanel's Creamy Pussy,32,DirtyAuditions
Bailey Wants Her Pussy Fucked,35,DirtyAuditions
A Naughty Quickie With Natalie,15,DirtyAuditions
Filling Anna's Chambers,24,DirtyAuditions
Maya Makes It Wet,35,DirtyAuditions
Head Session with Haley,14,DirtyAuditions
April's Anal Creampie Wish,41,DirtyAuditions
All Up Inside of Aria,64,DirtyAuditions
Fucking On Fallon's Ass,16,DirtyAuditions
Rose Lynn Likes It Sloppy,22,DirtyAuditions
Some Hot Sex With Serena,37,DirtyAuditions
Humping Heather's Pussy,42,DirtyAuditions
Making Megan Moan,46,DirtyAuditions
Venus Is Feeling Very Frisky,21,DirtyAuditions
Summer's Loving Suck Down,20,DirtyAuditions
Popping Aliee's Pussy,31,DirtyAuditions
Creaming In Chloe's Ass,29,DirtyAuditions
Tommy's Tempting Booty,55,DirtyAuditions
Leanna Loves Swallowing Loads,27,DirtyAuditions
Sweet Riley May Suck Your Dick,32,DirtyAuditions
Roxie Revs Up The Heat,28,DirtyAuditions
Lumi's Lustful Cocksucking,18,DirtyAuditions
Zerella's Deepthroat Challenge,30,DirtyAuditions
Short-Haired Sidra's Ass Wants Cum,25,DirtyAuditions
Numi Is Naturally Naughty,15,DirtyAuditions
Summer Is a Stretchy Super Slut,13,DirtyAuditions
Summer & Octavia's Suction Session,20,DirtyAuditions
Letting Lindsey Open Up,27,DirtyAuditions
Natalie & Avery Get Nasty,56,DirtyAuditions
Fiona & Sky Let Loose,40,DirtyAuditions
Chloe & Corra Cum Together,51,DirtyAuditions
Vanessa's Very Fuckable Ass,32,DirtyAuditions
Fucking With XxLayna,35,DirtyAuditions
Filling Up MJ's Fresh Pussy,23,DirtyAuditions
Gettin' Comfy In Dixie's Ass,35,DirtyAuditions
Jasmine Juices The Jizz Out,29,DirtyAuditions
Gia Goes All The Way,19,DirtyAuditions
Gooning For Gia's Ass,39,DirtyAuditions
Leda's Lethal Booty,16,DirtyAuditions
Violet's Verifiably Good Pussy,53,DirtyAuditions
Haley & Mia Try Something New - Part 2,33,DirtyAuditions
Haley & Mia Try Something New - Part 1,33,DirtyAuditions